decision_id,chunk_id,label,proba_oui,pred_050,pred_best
22/12811__2024-01-24,14,0,0.3314309132732723,0,0
20/12385__2024-02-16,11,0,0.38398443759822276,0,0
23/06452__2024-12-19,11,0,0.3734898147529093,0,0
20/05589__2024-07-04,19,0,0.42185786558170885,0,0
20/12385__2024-02-16,1,0,0.42798724047305875,0,0
23/00696__2024-06-11,1,0,0.4465240953703316,0,0
24/01751__2024-11-29,16,0,0.37885709116643274,0,0
21/00544__2024-04-25,87,0,0.3868100507664952,0,0
18/01766__2024-02-13,1,0,0.41552950632709806,0,0
21/00544__2024-04-25,87,0,0.4300762968064273,0,0
22/01827__2024-11-21,46,1,0.27906881832958097,0,0
23/04497__2025-02-06,12,0,0.39596526170978746,0,0
22/02364__2024-04-15,11,0,0.4455923092803069,0,0
24/04612__2024-11-21,14,0,0.4431598090533832,0,0
24/00420__2025-02-11,41,1,0.4144251648872725,0,0
22/02247__2024-10-03,14,1,0.397517343989517,0,0
23/08794__2024-12-16,11,1,0.37303940978646244,0,0
23/06514__2024-05-06,7,0,0.5154986586722885,1,1
21/09223__2024-10-03,10,1,0.4493383132099529,0,0
22/01092__2024-02-09,30,0,0.5883994891332147,1,1
23/02366__2024-05-03,84,0,0.539925762258456,1,1
19/10481__2024-04-15,26,1,0.41380401227513924,0,0
19/10481__2024-04-15,44,1,0.396050119532603,0,0
19/10491__2024-04-15,44,1,0.396050119532603,0,0
19/10495__2024-04-15,43,1,0.5800977105715761,1,1
23/02474__2025-05-15,48,0,0.36420117051805534,0,0
24/04211__2024-09-06,21,0,0.41265916629121396,0,0
22/01251__2024-09-17,5,1,0.40036089880163206,0,0
23/13433__2024-07-24,5,0,0.35368973316309804,0,0
23/06480__2024-03-01,33,0,0.23945789572670861,0,0
23/00394__2025-01-16,10,1,0.3843012405969521,0,0
20/02395__2025-05-27,136,0,0.42597098662472144,0,0
22/03904__2024-03-28,14,1,0.41776359827738074,0,0
23/03786__2025-04-15,8,1,0.3827654471944306,0,0
23/02653__2025-03-11,38,0,0.3597025105552204,0,0
23/00030__2024-07-02,17,0,0.4494374998075513,0,0
23/10709__2024-11-20,10,0,0.3943589892730553,0,0
21/04032__2025-03-21,14,1,0.5018694939451136,1,1
17/14643__2025-04-11,24,1,0.46948966314383817,0,0
24/00467__2025-04-01,16,1,0.49769957198754033,0,1
22/09129__2024-06-25,24,0,0.6344784522061347,1,1
23/00604__2024-11-15,4,1,0.4637458993516036,0,0
19/00020__2025-04-01,3,0,0.5074008791087576,1,1
23/00030__2024-07-02,17,0,0.5513710509189615,1,1
23/00169__2024-12-24,17,0,0.45719381471419646,0,0
23/03786__2025-04-15,4,1,0.4415491038194376,0,0
23/03596__2024-06-27,30,0,0.40848062817630404,0,0
20/01449__2024-01-16,7,0,0.3687430615073225,0,0
23/02642__2024-08-05,9,0,0.43859340495132687,0,0
22/05847__2024-06-24,4,1,0.35486252062942486,0,0
23/00733__2025-02-11,3,0,0.4358858769570861,0,0
22/04964__2024-05-24,1,0,0.42756895420402913,0,0
21/00544__2024-04-25,69,0,0.36647269257660825,0,0
22/10700__2024-01-11,17,1,0.447704277334429,0,0
22/10700__2024-01-11,7,0,0.4119772152396224,0,0
20/03155__2024-05-14,13,1,0.3018460732006097,0,0
24/02382__2024-12-12,6,0,0.49539116417817963,0,1
23/03699__2024-11-15,4,0,0.4508409128308608,0,0
23/09002__2024-07-03,38,1,0.3531913152960614,0,0
23/06224__2024-10-28,9,1,0.3152302387964506,0,0
23/10620__2024-12-02,8,1,0.2967935686763107,0,0
24/04782__2025-01-28,4,0,0.4039497708969565,0,0
23/03090__2024-11-04,7,0,0.4316076722227437,0,0
23/00497__2025-02-18,10,0,0.4121022859211738,0,0
24/01096__2025-02-06,11,0,0.3816464175992848,0,0
16/16409__2024-04-04,83,1,0.3665991665037109,0,0
23/04733__2025-02-04,61,0,0.46677085640824323,0,0
22/08349__2024-07-02,8,0,0.4584304153067383,0,0
23/06468__2024-12-20,18,1,0.5623122699002059,1,1
22/05928__2024-07-09,5,1,0.4285451232938771,0,0
22/05928__2024-07-09,11,1,0.5274677110151834,1,1
23/01662__2025-05-14,24,1,0.30571050307303205,0,0
24/07408__2025-03-06,23,0,0.37405207508677674,0,0
20/02289__2024-11-08,13,0,0.3937969165623431,0,0
23/05748__2025-04-01,11,0,0.29360314640907903,0,0
23/08794__2024-12-16,11,1,0.41205018616815087,0,0
24/01601__2024-07-18,13,0,0.38684061677654225,0,0
24/00224__2024-07-02,3,0,0.3880817801519163,0,0
23/03279__2024-07-04,21,0,0.3176557939722582,0,0
23/03279__2024-07-04,25,1,0.3052103241911569,0,0
20/07784__2025-03-25,12,0,0.48891669739796034,0,1
22/00089__2024-06-12,13,1,0.4171091160840672,0,0
23/10219__2024-12-09,43,0,0.4295178504614732,0,0
22/02769__2024-09-12,41,1,0.3525753303687313,0,0
24/01639__2025-03-03,24,1,0.37171789129178096,0,0
23/04451__2025-04-15,7,0,0.46735620767918623,0,0
23/06174__2025-05-19,7,1,0.3560236534849098,0,0
22/02769__2024-09-12,23,0,0.4392360259084799,0,0
23/05981__2025-04-02,21,1,0.3668362877940448,0,0
22/08823__2024-01-30,46,1,0.47974043736164124,0,1
21/09569__2024-02-05,13,0,0.4373072250735781,0,0
24/01267__2025-01-14,4,0,0.44210069865129265,0,0
24/00116__2024-11-08,9,0,0.3834989175568242,0,0
20/01058__2024-01-23,33,1,0.419627666178912,0,0
24/00215__2024-12-06,3,1,0.5248008125762642,1,1
23/00839__2024-05-14,21,1,0.4890546319462915,0,1
23/01714__2024-02-13,15,1,0.5182158677578331,1,1
23/01514__2024-05-13,7,0,0.542073728015501,1,1
24/00942__2024-12-02,10,1,0.5044909279055182,1,1
23/58918__2024-01-17,18,1,0.6237332297785048,1,1
24/02579__2025-01-14,50,1,0.5886486995644109,1,1
22/02173__2024-10-07,7,1,0.5588633498664285,1,1
24/00360__2024-05-17,29,1,0.6069660516584906,1,1
22/01860__2024-10-10,23,0,0.3568524345689295,0,0
23/06160__2024-10-24,22,1,0.40963565864060836,0,0
23/08238__2025-02-17,36,0,0.5305166792550197,1,1
17/05584__2025-02-20,13,1,0.29824562288288586,0,0
20/08670__2025-02-11,72,0,0.2969175030900803,0,0
22/01937__2024-01-26,59,1,0.258239928776594,0,0
24/00117__2024-09-10,6,0,0.3812784644653114,0,0
24/03372__2024-11-29,9,0,0.45114401638456847,0,0
17/05584__2025-02-20,13,1,0.26575998436532966,0,0
24/00583__2024-06-24,4,0,0.41897974953706696,0,0
24/10016__2025-04-28,11,0,0.30028490014732256,0,0
21/05850__2024-10-17,18,0,0.41839797473124307,0,0
20/08670__2025-02-11,72,1,0.28122357258495845,0,0
21/03634__2024-09-05,26,0,0.29797743855288533,0,0
22/05094__2024-08-08,107,0,0.33517203224220693,0,0
22/04806__2024-08-02,7,0,0.2795598912084101,0,0
24/00800__2025-03-13,4,0,0.3264209810556054,0,0
24/00007__2025-05-19,9,1,0.2765808922865528,0,0
23/57515__2024-03-28,23,0,0.2587379849161377,0,0
23/07693__2024-10-01,9,0,0.3098438994790053,0,0
22/02565__2025-02-18,3,0,0.22950856457867422,0,0
23/13951__2025-03-18,9,0,0.32551136636316785,0,0
23/04159__2025-02-18,15,1,0.22498900592090484,0,0
23/13951__2025-03-18,7,0,0.331242500463372,0,0
24/01235__2024-07-04,5,0,0.2625714333694126,0,0
22/05676__2024-05-27,0,0,0.32866968275884334,0,0
23/06468__2024-12-20,13,0,0.3735858265808323,0,0
24/51003__2024-05-27,17,0,0.3714098267097781,0,0
22/03842__2025-03-06,12,0,0.3961032388657601,0,0
24/09791__2025-05-22,5,1,0.5319919585433289,1,1
24/00764__2024-07-30,18,1,0.4843428939320052,0,1
23/01061__2024-06-03,8,0,0.6417825905506477,1,1
22/05567__2024-09-26,21,1,0.4531163470195645,0,0
23/02955__2025-03-07,10,0,0.4541372136343369,0,0
23/04410__2024-06-11,11,1,0.4231506191179193,0,0
23/58460__2024-01-10,8,0,0.40398930339665484,0,0
24/04669__2024-12-09,7,1,0.537746390803358,1,1
24/02554__2024-12-17,56,0,0.554525352722097,1,1
24/00942__2025-02-24,0,1,0.38447791852343893,0,0
24/00314__2024-10-22,18,1,0.39788580945064794,0,0
24/07591__2025-01-15,16,1,0.38724860235573527,0,0
24/01921__2025-03-06,19,0,0.5534749235808509,1,1
24/00136__2024-11-04,7,1,0.4257096084483983,0,0
20/02197__2024-07-05,15,0,0.42918480409015725,0,0
24/09791__2025-05-22,6,0,0.44777895245138244,0,0
21/01504__2024-01-25,40,0,0.41717393361878513,0,0
24/02331__2025-03-25,8,0,0.4725729561388709,0,1
22/01043__2025-05-15,26,1,0.44627213148831807,0,0
24/00012__2025-01-08,2,1,0.39043111412238146,0,0
24/09791__2025-05-22,11,0,0.5442646108581535,1,1
24/03962__2025-02-10,9,0,0.5318931300201015,1,1
24/00554__2025-03-06,4,0,0.40054311159381345,0,0
23/03109__2024-09-16,5,1,0.4805757702550129,0,1
22/13132__2025-04-28,8,0,0.45512274726590213,0,0
22/05907__2024-04-15,74,0,0.45936854880602224,0,0
24/03161__2025-02-18,12,1,0.30819366317376307,0,0
24/05784__2025-03-25,5,1,0.6738967532420699,1,1
24/02308__2025-04-01,36,1,0.7217072188801605,1,1
24/20308__2024-09-24,22,1,0.6716746699444407,1,1
24/00583__2024-06-24,9,1,0.689174566202734,1,1
24/03507__2024-09-23,7,1,0.7257910789928731,1,1
24/01201__2024-05-10,2,1,0.8036724574798437,1,1
24/00533__2025-01-14,9,1,0.775907571342434,1,1
23/14280__2025-04-03,15,1,0.7659668742008314,1,1
24/01303__2024-05-24,3,1,0.724613978891555,1,1
24/02798__2025-04-02,8,1,0.7668494414126409,1,1
24/00235__2024-07-11,11,1,0.7556684357309483,1,1
24/00458__2024-11-07,8,1,0.7789311139973363,1,1
25/00027__2025-04-04,15,1,0.7813919381212342,1,1
24/00120__2024-06-04,2,1,0.7521739634849118,1,1
24/03034__2024-06-03,9,1,0.7509731522615377,1,1
19/10491__2024-04-15,82,1,0.7500272613408492,1,1
24/01796__2025-03-14,10,1,0.7417355615715889,1,1
23/01685__2024-01-30,16,1,0.7473603905313722,1,1
24/00330__2024-09-20,25,1,0.7438918767938506,1,1
24/01539__2024-11-29,10,1,0.7551557503516287,1,1
24/00180__2024-04-25,6,1,0.7782082102333814,1,1
22/03297__2024-01-23,69,1,0.7722199614352976,1,1
12/13612__2024-10-18,65,1,0.7409321890063008,1,1
24/00086__2025-03-13,8,1,0.329545460496075,0,0
21/02281__2024-10-17,26,0,0.30654124946353056,0,0
24/02298__2024-11-12,19,0,0.4145516443853609,0,0
23/00797__2024-01-18,14,0,0.5190352665309395,1,1
22/00013__2025-02-13,3,0,0.4591483845052262,0,0
24/09447__2025-01-17,0,1,0.2784253022414858,0,0
17/00115__2024-09-12,5,0,0.4591483845052262,0,0
21/01819__2025-05-23,53,0,0.40105461153881017,0,0
22/07490__2024-09-23,6,0,0.41343434805113155,0,0
24/00535__2024-11-06,16,1,0.33692447646459395,0,0
21/08496__2024-04-30,3,0,0.30697812472015407,0,0
22/07271__2024-05-27,28,0,0.29220839463785653,0,0
24/00221__2025-03-24,4,0,0.26196497532359747,0,0
23/00330__2024-10-21,15,0,0.2720100470088165,0,0
20/02164__2024-09-23,2,0,0.2673586116024035,0,0
22/00621__2025-03-21,5,0,0.2593490061490594,0,0
23/02432__2024-12-18,7,0,0.4011298920338293,0,0
22/01351__2024-10-18,7,0,0.43258061663578345,0,0
17/00115__2024-09-12,26,0,0.39490475879269304,0,0
22/10133__2024-07-18,29,0,0.5547039999367264,1,1
20/08717__2024-03-21,14,1,0.503180076701571,1,1
22/07957__2024-05-16,256,1,0.5394428820232983,1,1
23/05820__2025-04-07,20,1,0.5198443334756484,1,1
22/07957__2024-05-16,257,1,0.5349929660157815,1,1
20/03120__2024-06-27,12,1,0.5561200022545244,1,1
24/00636__2024-06-07,9,0,0.432226649170287,0,0
24/00496__2025-01-13,34,1,0.4384722768794483,0,0
18/03304__2024-11-05,114,1,0.3216975662888294,0,0
22/03382__2025-04-02,16,0,0.39602922062597223,0,0
21/08564__2025-04-07,15,0,0.3124924582904244,0,0
23/09078__2024-06-10,6,0,0.42757861267957337,0,0
23/02301__2025-01-08,2,1,0.3226898416842155,0,0
22/01717__2024-09-19,6,0,0.37345841008154657,0,0
21/05484__2024-11-27,4,0,0.49816088636755756,0,1
23/09078__2024-06-10,6,1,0.3231878386075795,0,0
23/00300__2024-06-24,13,0,0.3171179651845202,0,0
23/01638__2024-01-24,22,0,0.2914499818732221,0,0
21/08564__2025-04-07,15,0,0.33536623072067234,0,0
24/00621__2024-10-08,11,0,0.35986838811769156,0,0
23/01638__2024-01-24,21,1,0.2864210840714083,0,0
24/06148__2025-02-13,31,0,0.38972417077053834,0,0
23/10250__2024-07-19,4,0,0.40348302153880244,0,0
22/01717__2024-09-19,6,0,0.32242736223664764,0,0
22/05045__2024-03-19,6,1,0.25687999726467126,0,0
21/05484__2024-11-27,12,0,0.4102998305483506,0,0
21/05484__2024-11-27,27,1,0.3421823926619038,0,0
22/03382__2025-04-02,12,0,0.3201301075860425,0,0
24/07943__2025-01-28,18,0,0.33562270910279923,0,0
23/08448__2024-03-11,8,0,0.33460934396287745,0,0
23/03825__2024-05-23,21,0,0.33077859661225856,0,0
23/02759__2024-11-07,17,0,0.39369952123515906,0,0
24/06318__2024-12-02,13,0,0.41996582131278687,0,0
24/01193__2024-11-19,24,1,0.4136890831105647,0,0
19/07817__2024-09-26,15,0,0.42546056848832464,0,0
21/01081__2024-07-25,5,0,0.4912997522662714,0,1
20/08670__2025-02-11,124,0,0.411318329942212,0,0
24/03796__2025-01-28,12,0,0.3467133748265535,0,0
23/06143__2024-05-24,7,0,0.38541538132999553,0,0
24/00337__2024-11-14,5,0,0.42659993916772204,0,0
24/01729__2024-08-30,14,0,0.4040157827550275,0,0
22/01414__2025-03-18,194,0,0.4408461214465797,0,0
24/00305__2024-08-29,34,1,0.6251366225011099,1,1
24/11624__2025-03-18,7,1,0.5687123079486115,1,1
24/01467__2024-09-10,13,1,0.6247529583785044,1,1
24/03262__2024-06-13,16,1,0.6900733686395985,1,1
21/04388__2025-02-07,29,1,0.684568395576925,1,1
23/04185__2024-04-04,6,1,0.6943276934994853,1,1
23/09471__2024-12-04,20,1,0.5753901531934656,1,1
24/58184__2025-04-30,17,1,0.4857171830289228,0,1
23/05254__2024-05-23,9,0,0.6557932329032887,1,1
23/09110__2024-09-17,8,1,0.5071703524384426,1,1
24/02695__2025-02-25,30,1,0.5418512217830017,1,1
23/02174__2024-05-21,6,0,0.3835465354671696,0,0
24/81140__2025-02-05,13,1,0.4015580114438522,0,0
25/01116__2025-05-05,4,0,0.46886302779119726,0,0
23/02366__2024-05-03,92,1,0.3960831961941903,0,0
23/11519__2025-04-09,3,0,0.5067014273051977,1,1
20/04875__2024-11-12,27,0,0.3347952836045415,0,0
24/00080__2025-03-07,22,0,0.35607629611840325,0,0
24/03848__2025-03-07,9,0,0.46721611720946754,0,0
23/03528__2025-04-16,3,1,0.3642175982960508,0,0
20/04875__2024-11-12,27,0,0.357474464952272,0,0
25/01116__2025-05-05,4,0,0.35915691092596175,0,0
24/04181__2025-04-07,3,0,0.43126669535742446,0,0
24/01184__2024-11-08,4,0,0.4983268527339346,0,1
22/00545__2024-03-05,17,1,0.342911609857981,0,0
20/08736__2024-04-11,14,0,0.3854763211405738,0,0
24/01770__2025-05-09,5,0,0.38434457425881274,0,0
24/06574__2025-01-09,36,0,0.3933336072822984,0,0
24/01605__2024-11-29,22,0,0.3680572922408624,0,0
22/00677__2024-05-31,5,0,0.41343001868763957,0,0
21/05048__2024-05-24,53,1,0.395597331105503,0,0
21/13856__2024-03-01,40,1,0.5172419421597171,1,1
21/02381__2024-12-06,115,0,0.5798546671905636,1,1
24/01746__2024-10-29,7,1,0.49718175684656685,0,1
22/02130__2024-05-17,4,0,0.5354751417653512,1,1
24/00848__2025-05-15,11,1,0.5428999359296617,1,1
23/09380__2024-05-27,8,1,0.5441501651194983,1,1
24/00355__2025-01-21,14,0,0.6272730984017735,1,1
24/01631__2024-09-25,14,1,0.6322291000838072,1,1
24/00174__2024-05-31,20,1,0.6539972231837677,1,1
22/01303__2024-03-25,23,1,0.5879296151916683,1,1
23/81891__2024-04-25,11,1,0.591189419096923,1,1
24/01963__2025-01-13,2,1,0.572890601375455,1,1
23/00456__2024-01-31,5,1,0.6280918372968612,1,1
24/01182__2024-10-11,5,1,0.5966619104936469,1,1
23/01215__2024-06-03,14,1,0.6480925996671193,1,1
21/01022__2025-02-28,20,0,0.3545669361863541,0,0
24/01379__2025-02-10,3,0,0.306118472040336,0,0
23/03319__2024-04-08,15,0,0.34874763192242997,0,0
23/08738__2024-02-06,8,0,0.5688679239222466,1,1
24/01546__2025-01-24,41,1,0.5950856929351858,1,1
24/01380__2024-07-05,15,1,0.598035530595493,1,1
22/00159__2024-12-13,25,1,0.6617746406511675,1,1
22/09207__2024-12-02,37,1,0.4995932610585229,0,1
24/01464__2025-02-11,11,1,0.5024079575345799,1,1
24/80258__2024-05-30,53,0,0.41202897350037365,0,0
23/04408__2024-04-16,19,1,0.5225905373204456,1,1
23/06143__2024-05-24,7,1,0.4084553490884379,0,0
22/03179__2024-09-19,24,0,0.30352907140488444,0,0
22/00570__2024-05-30,28,0,0.28893906514616075,0,0
23/03527__2025-01-14,13,0,0.2491707384564874,0,0
24/03473__2025-02-25,16,0,0.2491707384564874,0,0
25/00172__2025-04-23,42,1,0.5806916862937207,1,1
24/02021__2025-01-24,9,1,0.6663500257563257,1,1
24/01781__2025-02-25,5,0,0.6678472275159323,1,1
24/00074__2024-06-21,20,1,0.5777372331794465,1,1
23/09232__2024-07-18,14,1,0.5018072025250706,1,1
21/09184__2025-03-06,61,1,0.547440640313256,1,1
22/03140__2024-04-09,36,1,0.5994793984985919,1,1
23/01939__2025-01-07,35,1,0.7060122197358086,1,1
22/02191__2024-03-05,5,1,0.6369980645205903,1,1
22/02096__2024-02-22,8,1,0.5957692501808147,1,1
22/00564__2024-09-16,25,1,0.5845694132466683,1,1
24/00061__2025-04-22,12,1,0.675438978801178,1,1
22/00504__2024-04-05,6,1,0.6715107292676388,1,1
22/00738__2024-11-04,4,1,0.6833485692224991,1,1
20/02883__2024-03-26,16,1,0.6673180447614427,1,1
20/02883__2024-03-26,17,1,0.675806763112464,1,1
23/06335__2024-02-13,5,1,0.6887443165090044,1,1
24/00062__2025-04-22,12,1,0.675438978801178,1,1
19/02492__2024-06-07,55,1,0.7003438858755711,1,1
24/00088__2025-01-29,3,1,0.7141014687572228,1,1
21/00965__2024-02-29,3,1,0.6842842975475035,1,1
24/02677__2025-03-20,17,1,0.6792146360971844,1,1
19/08410__2024-11-04,14,1,0.6588717933267721,1,1
23/06458__2024-01-29,3,1,0.7191016600922804,1,1
24/01167__2025-01-07,20,1,0.6387367406998328,1,1
22/01519__2024-09-13,35,1,0.5361493137030697,1,1
24/00609__2024-11-28,25,0,0.45894831249381857,0,0
24/00737__2024-09-16,25,0,0.4938348915860416,0,1
23/01609__2024-03-29,6,1,0.3803490616657313,0,0
19/06468__2024-06-25,11,1,0.6075450381335907,1,1
22/01519__2024-09-13,35,0,0.7642666386243606,1,1
24/02782__2024-12-16,41,1,0.5794118805875899,1,1
20/04613__2024-03-08,42,1,0.5973189021749736,1,1
23/01609__2024-03-29,6,1,0.5382605557902733,1,1
19/02638__2024-04-15,34,1,0.5790467733738658,1,1
24/00737__2024-09-16,25,1,0.6047338519851616,1,1
23/07618__2024-02-01,6,1,0.3586515594397872,0,0
19/12746__2025-03-26,70,0,0.40837808822235355,0,0
22/01824__2025-02-05,3,0,0.43195441881055596,0,0
24/00492__2024-12-05,4,1,0.3955159708389353,0,0
24/06814__2025-02-14,11,0,0.4339435171354635,0,0
24/54541__2024-06-27,17,0,0.3331266818159285,0,0
23/01501__2024-03-19,11,0,0.4838119875815954,0,1
24/07027__2025-02-12,10,0,0.5252554661346049,1,1
23/06336__2024-06-18,4,1,0.32362071884079574,0,0
24/01986__2024-07-01,19,1,0.29783408705881337,0,0
22/01519__2024-09-13,35,0,0.644279611278837,1,1
23/06370__2024-06-07,14,1,0.5935622907813923,1,1
24/02448__2025-02-27,9,1,0.5590566973700032,1,1
23/01474__2024-09-06,17,1,0.6651328477473176,1,1
24/08732__2025-04-15,30,1,0.6493727759697824,1,1
23/56451__2024-03-13,2,1,0.6363725027076177,1,1
21/01081__2024-07-25,14,0,0.37712639229739586,0,0
20/01058__2024-01-23,17,0,0.4797388855293231,0,1
22/10620__2024-12-17,82,0,0.439032298243938,0,0
23/03279__2024-07-04,22,0,0.46787293354018017,0,0
21/05248__2024-06-04,3,1,0.4123611100570488,0,0
22/10620__2024-12-17,82,1,0.445591624598128,0,0
22/03447__2024-10-08,6,0,0.5510391587123601,1,1
21/00519__2024-11-13,18,0,0.5667077780165195,1,1
24/07027__2025-02-12,8,0,0.43230188121323254,0,0
20/10158__2025-01-14,2,1,0.4286944463746014,0,0
21/05248__2024-06-04,4,1,0.3848001599215598,0,0
23/03635__2024-09-27,8,0,0.45673768279505833,0,0
24/01854__2025-03-13,14,0,0.5957654269506643,1,1
23/01820__2025-02-27,7,0,0.416317544500379,0,0
23/02844__2024-03-11,12,0,0.4645415661623275,0,0
24/00744__2024-09-16,15,0,0.4978556696714072,0,1
23/02163__2025-04-10,36,1,0.4346057944756299,0,0
23/01115__2024-02-05,13,1,0.3927618034124617,0,0
22/04806__2024-08-02,5,0,0.24004098962807335,0,0
22/00109__2024-09-12,22,0,0.3353292430712619,0,0
23/00001__2024-01-19,10,0,0.3460330876725463,0,0
24/02473__2024-07-03,19,0,0.3305578185062311,0,0
22/00555__2024-10-15,7,0,0.41194396042707876,0,0
23/06458__2024-01-29,3,1,0.733369666680845,1,1
23/00765__2024-09-13,23,1,0.7037214207857071,1,1
23/01318__2025-02-12,3,1,0.709366210411597,1,1
23/01538__2024-12-17,4,1,0.6259674214724279,1,1
23/00217__2024-10-28,6,1,0.6618522006574351,1,1
22/01032__2024-02-23,5,1,0.6333055666506345,1,1
23/04116__2024-09-20,35,1,0.4271799363273598,0,0
22/00104__2024-09-10,35,1,0.4288783501449703,0,0
23/04245__2024-08-22,12,0,0.4942721111501333,0,1
21/01325__2024-06-06,15,0,0.5333571562145643,1,1
23/04245__2024-08-22,13,0,0.5313997792324334,1,1
24/00015__2025-01-23,6,1,0.4651106685385844,0,0
22/00104__2024-09-10,35,1,0.49634238662402735,0,1
20/09021__2024-01-11,24,0,0.528211465862854,1,1
22/00570__2024-05-30,13,0,0.5290674322949217,1,1
20/09021__2024-01-11,30,0,0.5565110293201921,1,1
20/00756__2025-03-28,77,1,0.34589006139512096,0,0
20/00756__2025-03-28,80,1,0.3583682592777937,0,0
24/00951__2025-02-19,18,0,0.6313932131268657,1,1
22/00331__2024-12-13,6,1,0.5232475312443412,1,1
23/00452__2024-08-30,20,1,0.5106612914798044,1,1
21/01325__2024-06-06,13,1,0.5080469650943,1,1
21/01325__2024-06-06,6,1,0.5183289366252682,1,1
21/01325__2024-06-06,15,1,0.5255846223090547,1,1
21/00122__2024-01-12,27,1,0.3923953490160617,0,0
22/03416__2024-12-17,57,1,0.4567133111128333,0,0
23/00673__2024-12-12,16,0,0.3713964579183392,0,0
23/01527__2024-12-05,6,0,0.38860178538545304,0,0
22/01827__2024-11-21,43,0,0.36822115743986394,0,0
22/03042__2024-09-19,42,0,0.42721810461859727,0,0
24/06972__2024-11-14,29,0,0.3500280058978676,0,0
24/01840__2024-12-04,12,0,0.3726769860353116,0,0
21/07057__2024-09-26,67,0,0.39633938767097565,0,0
24/02548__2024-11-07,4,0,0.3496117867348896,0,0
22/00570__2024-05-30,13,0,0.42960333811098256,0,0
22/01827__2024-11-21,48,1,0.39846327030134376,0,0
24/06596__2025-01-16,3,0,0.4054678485467649,0,0
21/00544__2024-04-25,16,0,0.33234950893505055,0,0
24/01920__2025-01-09,12,0,0.33060453757254354,0,0
23/04969__2025-03-28,12,0,0.25423785562330503,0,0
23/09210__2024-07-31,6,0,0.24760165611825952,0,0
21/03090__2024-06-20,6,0,0.31128582144829464,0,0
23/04969__2025-03-28,2,0,0.28389296513150536,0,0
22/00517__2024-10-15,37,0,0.3035217889469757,0,0
24/00644__2025-03-26,31,0,0.21430738116031445,0,0
22/12948__2025-02-19,11,0,0.31020984306518345,0,0
18/14800__2024-06-27,5,0,0.35868352873016124,0,0
23/02160__2024-11-26,2,0,0.3349229627351191,0,0
22/04745__2024-11-18,9,1,0.40430853322324145,0,0
24/02203__2024-11-12,6,1,0.3933360417584052,0,0
24/01994__2025-04-29,21,0,0.33128276967769704,0,0
23/00042__2025-01-16,4,0,0.32578133171004187,0,0
24/03217__2024-09-06,13,1,0.3415225763053621,0,0
21/02381__2024-12-06,31,0,0.3838228913713704,0,0
23/00026__2024-10-08,38,1,0.3686084778415203,0,0
24/81903__2025-02-24,28,1,0.28223832027663537,0,0
24/01239__2024-07-12,14,0,0.5359849386111645,1,1
24/00026__2024-09-06,8,1,0.23326843783193035,0,0
24/01182__2024-06-13,8,0,0.5049470591876941,1,1
24/00113__2024-10-07,3,1,0.43713286350945973,0,0
24/81903__2025-02-24,28,1,0.3938016524390195,0,0
24/00420__2025-02-11,17,0,0.3468153443772718,0,0
13/08783__2024-09-13,170,0,0.340686061738523,0,0
24/00100__2024-02-20,5,1,0.40599152840626224,0,0
24/00219__2024-09-20,3,1,0.4038637847591112,0,0
22/07546__2024-01-12,88,0,0.5245676465284694,1,1
24/00113__2024-10-07,4,0,0.3564192927456842,0,0
24/01955__2025-03-31,30,0,0.30928557276696333,0,0
23/02184__2025-01-20,1,0,0.36122117559510114,0,0
21/02687__2024-07-04,1,0,0.31779871160038137,0,0
21/11935__2024-02-27,22,0,0.35996342098228973,0,0
21/11935__2024-02-27,5,0,0.3108395313882279,0,0
22/03005__2024-10-25,13,0,0.2581781421261963,0,0
21/11935__2024-02-27,5,0,0.2889684035344563,0,0
23/03421__2024-04-04,7,0,0.38971465147187123,0,0
22/03047__2024-06-17,36,0,0.2948295549574808,0,0
21/07401__2024-10-17,48,0,0.3121377842853239,0,0
23/06849__2024-09-16,12,0,0.24024818641966625,0,0
22/04627__2024-10-31,25,0,0.23089586567294276,0,0
22/04052__2024-01-26,75,0,0.4107852451481798,0,0
24/02817__2025-01-30,8,0,0.31780373349119706,0,0
21/04608__2025-03-10,24,0,0.31146989642832473,0,0
24/00368__2025-02-21,3,0,0.30352979383953094,0,0
21/02474__2024-06-17,26,0,0.3169812654255643,0,0
24/01994__2025-04-29,4,0,0.3828879426389698,0,0
24/00840__2024-11-06,11,0,0.3579065137323336,0,0
23/05325__2024-09-23,23,1,0.24646424611180998,0,0
21/10526__2024-11-26,89,0,0.39651472982119224,0,0
24/00946__2025-04-24,9,1,0.2788811818254901,0,0
24/01490__2025-04-08,2,0,0.3674548786615478,0,0
24/00122__2024-05-23,1,0,0.35950509758963295,0,0
23/01359__2024-01-09,4,0,0.35904167690582844,0,0
22/05758__2024-12-17,9,0,0.28179988829263664,0,0
23/00091__2024-10-22,4,0,0.45683541689629487,0,0
22/04745__2024-11-18,9,1,0.3756000853700622,0,0
23/01529__2025-03-11,53,1,0.35619432575187954,0,0
23/06168__2025-03-11,55,0,0.4444696468521767,0,0
23/00004__2025-02-25,2,0,0.32725443006770416,0,0
22/02283__2024-04-15,16,0,0.3033957410479789,0,0
22/03664__2024-09-09,1,0,0.3055917668574956,0,0
23/09380__2024-05-27,1,0,0.2496441020842498,0,0
22/05847__2024-06-24,17,0,0.24244317834577664,0,0
23/15032__2024-12-12,40,0,0.33815125841555527,0,0
22/01473__2025-04-29,2,0,0.40264143882304354,0,0
23/01121__2025-02-11,29,0,0.34397322535540786,0,0
21/00088__2024-12-17,1,0,0.36284035770817225,0,0
21/01172__2024-10-01,23,0,0.3466450540668754,0,0
23/03260__2024-09-10,35,1,0.3651374091426837,0,0
21/05540__2024-04-04,120,1,0.3746330174639624,0,0
22/07325__2024-04-04,3,0,0.3604916944561416,0,0
21/12479__2024-06-19,3,0,0.35208992371599107,0,0
18/14800__2024-06-27,18,0,0.49227106332514103,0,1
22/04661__2025-02-27,7,0,0.35284691151543396,0,0
22/03842__2025-03-06,25,0,0.3414819527491591,0,0
23/57663__2024-10-23,13,1,0.22286016569932562,0,0
24/03870__2025-03-11,6,0,0.2310684646006339,0,0
23/01359__2024-01-22,10,0,0.34625231254379396,0,0
23/00829__2024-05-28,41,0,0.2922973776831287,0,0
23/00829__2024-05-28,41,0,0.27839884899966266,0,0
19/02749__2025-03-19,22,0,0.251660426854081,0,0
24/00174__2024-05-31,11,0,0.2593606545520826,0,0
24/00311__2024-11-19,9,0,0.2589075013319225,0,0
24/04506__2025-04-24,3,0,0.3220432047035551,0,0
23/05718__2024-02-08,11,1,0.33547981874530913,0,0
24/00333__2024-04-04,7,0,0.36540279291448235,0,0
21/12742__2024-06-25,47,0,0.3421011475010639,0,0
24/01733__2025-01-30,4,0,0.16394549145713275,0,0
24/00376__2025-03-06,14,0,0.29565047128970684,0,0
22/11933__2024-04-09,28,0,0.2872296593089774,0,0
23/09566__2024-12-20,64,0,0.30822476128383025,0,0
24/54980__2025-04-11,4,0,0.25762810125430846,0,0
24/10016__2025-04-28,11,0,0.24433835257512718,0,0
19/00031__2025-04-04,3,0,0.2731522932916299,0,0
23/09825__2024-03-26,17,0,0.27603278702685047,0,0
22/08922__2024-01-24,14,0,0.2632896912002307,0,0
24/05298__2024-10-28,12,0,0.2203247631136178,0,0
23/05684__2024-05-22,14,0,0.23275024287763565,0,0
24/00159__2024-12-16,4,0,0.2855355487490573,0,0
23/00182__2025-01-23,22,0,0.2796181870155187,0,0
23/09573__2024-03-07,3,0,0.21971892882122943,0,0
19/02749__2025-03-19,8,0,0.2720222317286477,0,0
23/02169__2025-04-17,18,0,0.4007536310921223,0,0
23/02169__2025-04-17,17,0,0.3903003341850912,0,0
24/01081__2025-04-02,24,0,0.32870972013640387,0,0
24/00457__2024-06-07,9,0,0.2937638678309426,0,0
20/08626__2024-02-15,2,0,0.276257638068608,0,0
23/03695__2024-07-23,24,0,0.2740439296476205,0,0
20/12403__2025-03-20,35,0,0.269659099867809,0,0
24/52683__2024-06-28,9,0,0.3772495369682809,0,0
24/05541__2025-02-14,3,1,0.4042708404187631,0,0
23/05712__2023-12-15,18,0,0.3557134882606509,0,0
24/00949__2024-09-19,7,0,0.23544479718317873,0,0
22/06938__2024-01-22,21,0,0.2774446752340542,0,0
22/01320__2024-09-23,23,0,0.1941817117419063,0,0
22/08922__2024-01-24,14,0,0.23257693553870984,0,0
24/00233__2024-09-05,4,0,0.21734791406918097,0,0
24/03313__2024-06-17,6,0,0.20640070278892883,0,0
24/02198__2024-09-27,8,0,0.269672681649027,0,0
23/09825__2024-03-26,11,0,0.2928089789474178,0,0
24/02573__2024-07-10,15,0,0.2779552338992307,0,0
24/01047__2024-09-16,9,0,0.2714379212047211,0,0
24/01888__2024-12-17,15,0,0.31039000039528286,0,0
24/01382__2025-01-07,13,0,0.30301284476539087,0,0
24/00623__2024-11-20,14,0,0.27313560001775283,0,0
21/02150__2024-10-11,87,0,0.333257223858086,0,0
22/02565__2025-02-18,4,0,0.25816102083125525,0,0
19/12432__2024-01-31,20,0,0.2580404859964634,0,0
23/05861__2024-11-19,12,1,0.5330587529586761,1,1
20/00200__2025-01-09,4,1,0.5454386923997621,1,1
20/00200__2025-01-09,3,1,0.5181778444426158,1,1
20/00200__2025-01-09,1,0,0.5219496966977801,1,1
17/02785__2024-12-13,117,1,0.5051705995883352,1,1
24/00018__2024-03-15,3,0,0.5137466327319042,1,1
24/03556__2025-04-08,14,0,0.21783593348892297,0,0
23/03527__2025-01-14,13,0,0.2576310594087464,0,0
24/01594__2024-11-12,1,0,0.21158482197598394,0,0
23/00051__2024-07-09,11,0,0.4679016172711385,0,0
24/00620__2024-08-20,2,1,0.4778448842120304,0,1
24/02467__2024-09-23,2,0,0.46780952400734477,0,0
24/00650__2025-02-06,8,1,0.4045030180095973,0,0
21/00480__2024-02-21,26,1,0.4632083783330773,0,0
24/01490__2025-04-08,2,0,0.4486025089112345,0,0
24/01490__2025-04-08,2,1,0.5766938001328112,1,1
24/01026__2024-11-21,4,1,0.5593496378275721,1,1
24/07289__2025-03-19,9,0,0.679939713598226,1,1
21/00420__2025-05-13,37,1,0.5266874726917818,1,1
24/00343__2024-05-22,10,1,0.5200509496940335,1,1
23/05258__2024-12-23,87,0,0.420149425513002,0,0
24/03430__2024-09-12,21,1,0.3090163151181753,0,0
22/00763__2024-06-21,46,0,0.42023761595906767,0,0
24/00882__2024-09-30,4,0,0.38234867609323003,0,0
21/00420__2025-05-13,88,1,0.4121032377961349,0,0
23/00520__2025-04-11,1,0,0.5049374277499034,1,1
22/06071__2025-04-11,11,1,0.3857233345776988,0,0
22/04099__2024-11-22,26,0,0.555290746885158,1,1
22/06494__2024-11-29,48,1,0.4867705288288203,0,1
23/02058__2024-04-26,39,1,0.545066326463806,1,1
20/05995__2024-09-20,78,0,0.46163742544734754,0,0
14/06713__2024-03-29,75,1,0.4997608575738656,0,1
22/03095__2025-02-14,32,0,0.47122945007983824,0,1
23/02034__2024-04-26,9,1,0.4752490936257152,0,1
22/13073__2025-05-27,54,0,0.34561049568823665,0,0
19/08515__2024-02-27,27,0,0.22170535876574174,0,0
24/02669__2024-07-02,5,0,0.3410344506648695,0,0
24/01130__2024-12-03,28,0,0.3260315883242031,0,0
22/05971__2023-12-20,5,0,0.2693377562807278,0,0
24/07289__2025-03-19,9,0,0.4194340442921692,0,0
16/10551__2025-01-07,24,0,0.34039534315731107,0,0
21/00236__2024-12-19,3,1,0.4326380886478117,0,0
21/08818__2023-12-21,44,0,0.31631199989186,0,0
21/05334__2024-08-01,4,0,0.45603334261339024,0,0
22/01314__2025-04-04,24,0,0.4265075402911195,0,0
23/11129__2025-01-08,5,1,0.3689551686933086,0,0
22/04790__2024-06-10,15,0,0.465593457862955,0,0
22/03640__2024-07-02,85,1,0.38534429691211514,0,0
23/00696__2024-06-11,1,0,0.45834857824900666,0,0
18/01766__2024-02-13,6,1,0.37258755031818697,0,0
23/02956__2025-01-31,11,1,0.3661740514057373,0,0
21/01410__2024-12-17,23,0,0.49189714188029726,0,1
24/01570__2024-10-31,5,0,0.49275228779474883,0,1
23/56800__2023-12-21,6,0,0.4767029509442505,0,1
21/08818__2023-12-21,57,0,0.38829235157868114,0,0
22/06564__2025-02-24,14,0,0.4429522349664334,0,0
24/01570__2024-10-31,5,1,0.5361145824423359,1,1
23/00564__2023-12-19,8,1,0.49494138405210286,0,1
20/08044__2024-09-26,16,0,0.38019166411728916,0,0
22/12980__2024-02-16,17,0,0.39131942326498065,0,0
24/01092__2025-02-06,8,0,0.3466308146258658,0,0
19/13743__2024-06-27,13,0,0.38587176006845353,0,0
23/00375__2024-05-07,40,1,0.47264867414079786,0,1
23/08677__2024-10-17,9,1,0.45921160984152415,0,0
23/02021__2024-11-05,9,0,0.41760865722082435,0,0
23/08677__2024-10-17,9,1,0.36379438475158493,0,0
24/57232__2025-01-30,14,0,0.3549539397966226,0,0
22/03740__2025-01-31,6,1,0.26835737285954486,0,0
24/07540__2025-04-02,6,0,0.3653581251658751,0,0
18/00670__2024-05-14,38,0,0.39986379154207463,0,0
22/04790__2024-06-10,10,1,0.5277393775966436,1,1
18/01766__2024-02-13,6,1,0.5689585238398204,1,1
22/04790__2024-06-10,11,1,0.5091555608999747,1,1
24/04046__2025-03-05,23,0,0.41043440387572677,0,0
22/04790__2024-06-10,15,0,0.3882563849985308,0,0
21/00907__2024-10-24,21,1,0.25612342926825765,0,0
24/03383__2024-11-04,39,0,0.4590350845407809,0,0
24/01455__2025-03-11,28,0,0.3113709089363296,0,0
22/03640__2024-07-02,76,0,0.423863726130197,0,0
24/01455__2025-03-11,28,0,0.3021432820993115,0,0
24/00368__2025-01-07,23,0,0.3972273802246965,0,0
18/01102__2024-10-08,34,0,0.4097876949849502,0,0
25/50262__2025-02-06,4,1,0.4387558921930413,0,0
20/08044__2024-09-26,126,0,0.35367214434998,0,0
21/02619__2025-02-04,55,1,0.38791498563316235,0,0
24/01570__2024-10-31,5,1,0.5087912861218307,1,1
22/01906__2025-01-30,2,1,0.5257382212497282,1,1
22/01352__2025-03-13,16,0,0.4292555723077498,0,0
22/03740__2025-01-31,3,1,0.4223014895810055,0,0
24/01034__2024-05-06,25,0,0.4476833867000637,0,0
23/00754__2024-10-31,14,0,0.4309460822711153,0,0
24/01192__2024-11-21,2,1,0.2780290678230167,0,0
22/04790__2024-06-10,15,0,0.3769189320684776,0,0
24/03024__2024-06-10,18,0,0.26167342135782257,0,0
25/01743__2025-04-17,24,0,0.2840157973766854,0,0
24/02198__2024-09-27,15,0,0.3071343019699803,0,0
23/02478__2024-01-18,29,0,0.3539270120337837,0,0
20/04253__2024-03-29,48,1,0.4925702975380708,0,1
23/04425__2025-02-06,12,1,0.4400835972668294,0,0
21/15347__2024-01-31,9,0,0.43929160555467606,0,0
21/13831__2024-01-30,23,0,0.4042578730311139,0,0
24/00562__2024-12-03,25,1,0.37191200713858846,0,0
24/00624__2024-12-27,4,0,0.44070636535369884,0,0
23/06565__2024-10-21,4,0,0.36052555719057955,0,0
21/02234__2024-09-19,21,0,0.32367582355197855,0,0
20/08670__2025-02-11,68,0,0.3014676678415568,0,0
23/03803__2024-11-18,22,0,0.33071192374324593,0,0
22/03081__2025-02-14,41,0,0.4062140005098957,0,0
24/03488__2024-12-09,38,0,0.37478734069024255,0,0
24/02309__2024-12-16,20,0,0.34381046242021607,0,0
24/07592__2024-12-16,37,0,0.43407241705688215,0,0
24/00264__2024-05-21,25,0,0.3384141681048616,0,0
25/00186__2025-04-24,5,0,0.42076870030086627,0,0
24/03778__2025-03-14,52,0,0.5946495913188976,1,1
23/10366__2024-06-03,20,1,0.44051273909239114,0,0
22/00442__2024-01-19,26,1,0.4498896760511315,0,0
24/02650__2025-01-14,13,0,0.6144789979491361,1,1
22/01978__2024-10-31,14,1,0.3797095049248624,0,0
22/01978__2024-10-31,14,0,0.3653625826704394,0,0
23/04399__2025-02-25,12,1,0.47125471075402886,0,1
23/08448__2024-03-11,12,0,0.5233446185373654,1,1
23/04399__2025-02-25,12,1,0.525951301937254,1,1
22/02514__2025-05-28,9,1,0.4980623539894905,0,1
23/08448__2024-03-11,5,1,0.5606723410372557,1,1
23/08448__2024-03-11,9,0,0.5065574301751319,1,1
22/06036__2025-02-05,8,0,0.4605314058817967,0,0
21/01110__2025-05-27,9,1,0.4068171503941053,0,0
20/01720__2024-06-14,15,1,0.45476194083439336,0,0
19/04514__2024-04-11,4,0,0.37363805766831093,0,0
20/05712__2024-06-06,35,0,0.3325018043024351,0,0
21/11180__2024-04-25,16,0,0.4149505363281766,0,0
21/07867__2024-07-30,50,1,0.3409577600161385,0,0
21/07867__2024-07-30,50,1,0.31569420896459777,0,0
21/07867__2024-07-30,43,0,0.39268303385425796,0,0
23/03764__2024-12-20,10,1,0.3453063484110527,0,0
23/03764__2024-12-20,10,0,0.3440386573995209,0,0
23/07983__2024-09-05,4,1,0.4645846464977003,0,0
20/04093__2024-06-13,1,1,0.40700956051933884,0,0
24/00082__2024-06-21,2,0,0.44650835039538117,0,0
22/09325__2024-08-02,5,0,0.3444948782967534,0,0
24/00332__2025-03-05,19,0,0.39305755961197714,0,0
20/02300__2024-06-06,26,0,0.45668195654166777,0,0
20/06372__2024-03-29,3,0,0.43072970967388163,0,0
23/03496__2024-06-27,5,1,0.3336008032029212,0,0
24/01258__2024-09-30,8,1,0.40860443867920804,0,0
24/03709__2024-10-03,12,1,0.42277518051403484,0,0
23/01414__2024-03-20,8,0,0.4233640799811434,0,0
23/01058__2024-10-25,12,1,0.3441423472662484,0,0
19/10481__2024-04-15,16,1,0.5451269717437308,1,1
16/03133__2024-05-24,24,0,0.3944822321361775,0,0
21/10005__2024-09-02,27,1,0.4846419971098575,0,1
23/03486__2025-02-12,36,1,0.3627557617068183,0,0
20/07811__2024-07-05,5,1,0.39048504282188407,0,0
24/02308__2025-03-05,60,1,0.41365008452765717,0,0
21/03224__2024-11-12,34,0,0.4697642097147792,0,0
24/04281__2025-04-07,15,0,0.4082300817908256,0,0
20/01588__2024-06-28,51,0,0.31292849560630875,0,0
19/06678__2025-01-14,38,1,0.3513474264919019,0,0
24/05960__2024-11-26,3,0,0.3118928393942669,0,0
24/01389__2025-01-28,3,0,0.3745029296595829,0,0
23/01008__2024-11-19,42,1,0.29918025252310115,0,0
24/03905__2024-08-30,9,0,0.29441553425405176,0,0
23/01208__2025-01-07,8,1,0.46435087715607937,0,0
23/01739__2024-01-16,5,0,0.4633336453467276,0,0
19/10495__2024-04-15,15,1,0.5805452578349121,1,1
16/03133__2024-05-24,24,0,0.43017467787594466,0,0
19/10491__2024-04-15,16,1,0.5275650095086625,1,1
23/04889__2024-07-04,2,0,0.5089741093248789,1,1
24/02122__2025-03-25,8,1,0.44668430219261823,0,0
20/01158__2024-03-22,20,0,0.5074268210337876,1,1
22/06235__2024-08-09,9,1,0.5498146993275697,1,1
21/02025__2024-02-02,13,1,0.4483588734167271,0,0
23/04577__2024-06-07,2,1,0.5232416483296891,1,1
23/10650__2024-02-01,22,1,0.3890124560816794,0,0
23/00519__2025-02-03,5,0,0.5066194101775612,1,1
23/00043__2024-05-21,10,1,0.5117933133013469,1,1
23/00174__2025-01-28,0,1,0.43275060979825564,0,0
21/02025__2024-02-02,5,0,0.4416102177913887,0,0
21/04690__2024-09-06,40,1,0.45886055737214704,0,0
24/00287__2025-04-04,1,0,0.5510326724465379,1,1
24/00287__2025-04-04,3,1,0.5128166719440329,1,1
23/02583__2024-09-30,6,1,0.47278442788951164,0,1
22/04407__2024-11-12,13,1,0.45948776447168177,0,0
23/00794__2024-04-08,15,0,0.5254337776107187,1,1
21/07016__2025-03-18,16,0,0.3841824479947347,0,0
22/10119__2024-04-03,14,1,0.40452486002787835,0,0
23/02583__2024-09-30,6,1,0.3932732972887538,0,0
24/00657__2024-08-01,15,0,0.32676319260943626,0,0
22/04982__2024-09-13,3,1,0.8334108514564484,1,1
23/04728__2024-05-03,8,1,0.7634483936121185,1,1
24/00507__2025-01-07,30,1,0.7486250690905961,1,1
23/05989__2025-02-06,30,1,0.7621929002456651,1,1
23/00915__2024-09-25,6,1,0.7917834632680114,1,1
24/00360__2024-11-06,23,1,0.7620432957162534,1,1
23/01583__2024-03-26,6,1,0.8124117457978018,1,1
23/00080__2025-01-14,25,1,0.8306243764827166,1,1
22/14719__2025-02-13,30,1,0.7099313400475754,1,1
24/02046__2024-10-08,10,1,0.6754434158677439,1,1
24/08281__2025-03-25,5,1,0.7719451840174355,1,1
24/00507__2025-01-07,27,1,0.7737287281594026,1,1
24/04098__2024-10-17,12,1,0.8031092850274726,1,1
22/04454__2024-03-28,27,1,0.7621929002456651,1,1
23/01758__2024-03-28,26,1,0.7585131805730516,1,1
24/08801__2025-03-25,5,1,0.7579782124587838,1,1
24/00454__2025-03-10,18,1,0.705385575819649,1,1
23/00217__2024-01-16,20,1,0.760755951383173,1,1
23/03181__2025-01-31,8,0,0.6030511112030157,1,1
20/11987__2024-05-28,4,0,0.5416801466151218,1,1
24/04234__2024-12-05,16,0,0.25636444816467024,0,0
24/01607__2025-03-20,63,0,0.34743737907912586,0,0
24/04372__2025-01-30,9,0,0.36693607188049004,0,0
24/00003__2024-09-26,4,0,0.34294121067520944,0,0
23/02542__2025-03-19,8,0,0.2663044781768646,0,0
23/57352__2024-11-12,13,0,0.28429229930144867,0,0
20/11156__2024-01-19,14,0,0.3640896800579778,0,0
24/01326__2025-01-24,3,0,0.38327340662823084,0,0
21/03634__2024-09-05,102,0,0.43469612182685136,0,0
24/82104__2024-12-26,3,1,0.5964444122714014,1,1
23/02641__2024-09-26,3,1,0.609568053500166,1,1
21/03614__2025-02-20,15,1,0.7121205904068203,1,1
22/04692__2025-03-07,38,1,0.6250030381369803,1,1
23/02325__2024-03-22,4,1,0.5595028889979979,1,1
21/03614__2025-02-20,33,1,0.6866551704294256,1,1
22/04692__2025-03-07,36,1,0.6232112702829417,1,1
24/03268__2024-12-12,3,1,0.5478139104402592,1,1
24/03878__2025-02-07,3,1,0.5366230965473959,1,1
23/07900__2024-02-01,14,1,0.6638711958141866,1,1
23/09110__2024-09-17,8,1,0.6367598443868216,1,1
23/57642__2024-05-02,8,1,0.7312771917668137,1,1
22/04692__2025-03-07,14,1,0.676843801423347,1,1
24/00374__2025-01-29,27,1,0.6989228811883971,1,1
22/04692__2025-03-07,36,1,0.663886114534406,1,1
21/03614__2025-02-20,60,1,0.6025216769671463,1,1
21/03614__2025-02-20,31,1,0.5141445446747446,1,1
21/03614__2025-02-20,41,1,0.492235634906655,0,1
21/03614__2025-02-20,64,1,0.5220078389022902,1,1
21/03614__2025-02-20,37,1,0.4896068873328601,0,1
23/00043__2024-05-21,19,0,0.527400047858547,1,1
22/03140__2024-04-09,8,1,0.5685573935093123,1,1
22/04711__2024-06-06,28,1,0.4885438529048354,0,1
23/00043__2024-05-21,21,1,0.4844215783314376,0,1
24/01151__2024-08-23,11,1,0.5687327353847638,1,1
21/00116__2024-05-28,17,0,0.44448221103480434,0,0
22/04692__2025-03-07,38,0,0.5414631096823731,1,1
24/03695__2025-03-18,11,1,0.43558136478321285,0,0
24/01483__2025-02-06,40,1,0.45205492757152443,0,0
24/01899__2025-02-18,28,0,0.526177694315679,1,1
23/02148__2024-03-22,15,1,0.6172368458289914,1,1
22/00118__2024-06-10,68,1,0.5343147776936599,1,1
24/00984__2024-09-16,16,1,0.5958719568644343,1,1
23/02816__2025-03-25,26,0,0.6666517778755188,1,1
24/00840__2025-02-25,17,1,0.6006551705031108,1,1
22/13757__2024-09-19,2,1,0.6612699598668201,1,1
24/01483__2025-02-06,40,1,0.5993011127979274,1,1
24/03695__2025-03-18,11,1,0.5141035459484398,1,1
22/03499__2024-10-03,15,1,0.5513362862346775,1,1
24/02419__2025-02-04,16,1,0.7379992063477785,1,1
23/01147__2025-03-04,5,1,0.7030613729584467,1,1
24/01290__2025-03-11,4,1,0.6757136400659913,1,1
24/02351__2025-03-26,7,1,0.7077395375344755,1,1
24/01854__2025-03-13,14,1,0.7147518709697604,1,1
24/00114__2024-10-15,21,1,0.6485988393848411,1,1
19/07817__2024-09-26,15,1,0.39951997596354255,0,0
21/03614__2025-02-20,60,0,0.6002662682694969,1,1
22/03140__2024-04-09,41,1,0.48563314465533947,0,1
23/05615__2025-03-04,10,1,0.5929684950774519,1,1
22/03499__2024-10-03,23,1,0.5632929898188223,1,1
22/03499__2024-10-03,25,1,0.5997426891579526,1,1
21/04918__2024-09-13,15,1,0.5765997906511257,1,1
22/04711__2024-06-06,2,1,0.5566579831172016,1,1
22/10700__2024-01-11,27,0,0.4920435356571417,0,1
22/07900__2024-03-21,17,0,0.46784061527338994,0,0
22/07900__2024-03-21,14,0,0.46386295063802596,0,0
24/09127__2025-03-05,15,0,0.33869418473466534,0,0
22/10700__2024-01-11,27,0,0.4645939172444564,0,0
23/03575__2024-02-13,25,0,0.6706289334910239,1,1
21/04769__2024-02-21,82,1,0.5626863995925264,1,1
24/00369__2024-12-20,18,1,0.5638277161604669,1,1
24/00757__2024-06-04,17,1,0.5574125489268631,1,1
23/04719__2025-03-18,1,1,0.6529780734005186,1,1
22/05821__2025-03-04,50,0,0.6379764121156987,1,1
24/01778__2024-11-08,19,1,0.6048180677371253,1,1
24/03131__2025-05-20,32,1,0.5990878860281752,1,1
22/00118__2024-06-10,68,0,0.6134180354096289,1,1
24/00781__2024-11-20,15,1,0.42502700847611724,0,0
24/06118__2024-12-16,7,1,0.46172475360268705,0,0
21/01081__2024-07-25,5,1,0.4712363261709155,0,1
21/01459__2024-05-03,183,0,0.6100600753998062,1,1
21/01459__2024-05-03,182,0,0.48275605362427443,0,1
23/06852__2024-08-19,1,0,0.41187042425141035,0,0
23/05930__2023-12-22,7,0,0.3586099414814067,0,0
24/01029__2024-06-10,2,0,0.437715088201475,0,0
23/00343__2024-11-12,5,0,0.3891573657695352,0,0
17/07014__2024-09-25,19,1,0.42577995256204876,0,0
21/00775__2024-02-29,14,0,0.4152699284165548,0,0
22/08552__2024-05-14,33,0,0.5415101902503834,1,1
24/00935__2025-02-14,53,0,0.38474613249038847,0,0
23/02169__2025-04-17,18,0,0.42202924669831393,0,0
23/02825__2024-09-06,28,1,0.40767846161728144,0,0
24/05808__2025-01-07,9,0,0.35896718061310673,0,0
23/00028__2025-02-06,6,0,0.39354872581173084,0,0
24/00032__2024-10-21,24,0,0.32502215999717693,0,0
22/03842__2025-03-06,14,0,0.4561705525859487,0,0
24/03617__2024-07-02,26,1,0.5044582529706907,1,1
23/06046__2024-07-05,16,1,0.48353891568163904,0,1
24/00520__2024-09-09,29,0,0.35039100159991776,0,0
24/04789__2025-02-13,17,1,0.3629142504356354,0,0
24/03067__2025-03-11,27,0,0.46312490914696053,0,0
22/10298__2024-12-13,13,0,0.4322426234826297,0,0
24/03751__2024-07-15,17,0,0.37191717732070534,0,0
23/06180__2024-01-08,2,0,0.4527903158778914,0,0
23/09755__2024-12-18,15,0,0.4101001942417174,0,0
24/00080__2025-03-07,22,0,0.42842075358403636,0,0
23/09915__2025-02-25,3,1,0.2633019945114641,0,0
19/02099__2025-02-03,0,1,0.630107890497632,1,1
19/09846__2024-09-12,2,1,0.5611406332672788,1,1
24/05914__2025-02-04,1,1,0.5668686380568934,1,1
23/01208__2025-01-07,18,0,0.4620205901962763,0,0
24/52109__2024-06-28,17,0,0.359849974035135,0,0
23/06118__2024-12-16,7,0,0.36661229901099973,0,0
24/00142__2025-02-06,16,0,0.4656375575518449,0,0
23/02825__2024-09-06,33,1,0.430344808788521,0,0
24/01023__2024-11-28,19,0,0.46710895313741013,0,0
23/01547__2024-09-06,6,1,0.5675764500239665,1,1
23/00129__2024-08-28,4,1,0.5849294173616351,1,1
24/00203__2025-02-26,26,1,0.34361465117913154,0,0
21/05484__2024-11-27,23,0,0.48403549069848184,0,1
22/05077__2024-06-25,20,0,0.3905340044694358,0,0
22/05077__2024-06-25,14,1,0.424012340845694,0,0
21/02712__2024-09-19,5,1,0.4159085922195321,0,0
24/20298__2025-03-04,3,0,0.40561602588478607,0,0
18/00007__2025-03-10,1,0,0.38077541239964624,0,0
23/07777__2024-05-31,2,1,0.30640495578131255,0,0
23/00090__2024-01-30,10,0,0.4716293570535276,0,1
24/04874__2024-12-17,19,1,0.44392698832471433,0,0
23/01855__2024-03-18,7,0,0.4149566016848904,0,0
23/02860__2025-05-21,0,0,0.4037964033143104,0,0
23/02985__2025-02-26,9,0,0.537183184694751,1,1
24/04963__2025-04-08,9,1,0.3875898670285115,0,0
21/02163__2025-03-14,7,1,0.4807716315118884,0,1
24/01840__2024-12-04,19,0,0.5213223279700092,1,1
24/09302__2025-05-27,2,1,0.5378517422575461,1,1
23/02668__2024-11-19,4,1,0.4641792927867019,0,0
23/03260__2024-09-10,4,1,0.571280937529744,1,1
23/03260__2024-09-10,12,1,0.5597706247994928,1,1
24/01404__2024-12-16,1,1,0.5596919447070215,1,1
22/04383__2024-06-28,14,1,0.535705923073044,1,1
24/03951__2024-09-12,0,1,0.5348025099510648,1,1
24/06882__2025-04-17,5,1,0.48287245043136345,0,1
24/04874__2024-12-17,26,0,0.4510538678221503,0,0
24/02227__2024-09-26,8,0,0.4297599649751851,0,0
23/06684__2024-01-26,6,1,0.5052172560005229,1,1
22/06990__2024-12-05,4,1,0.5006711536413972,1,1
24/02661__2024-10-24,4,1,0.6069469677104411,1,1
21/04500__2024-06-18,27,0,0.4197982697365346,0,0
21/04500__2024-06-18,38,0,0.4090186227042897,0,0
23/51998__2024-02-27,29,0,0.326623350620607,0,0
22/00810__2024-03-19,4,0,0.46607357617756917,0,0
21/07281__2024-02-29,31,1,0.5094403014563239,1,1
21/07281__2024-02-29,30,0,0.4539806624217262,0,0
24/02714__2024-07-16,11,1,0.4803409699808812,0,1
23/08557__2024-01-10,5,1,0.415392406761458,0,0
23/01077__2024-03-14,17,0,0.46065118716543235,0,0
23/01077__2024-03-14,12,0,0.45032095642248127,0,0
23/02272__2025-02-14,20,1,0.4032818111597892,0,0
23/02272__2025-02-14,28,1,0.5072437957711685,1,1
19/09846__2024-09-12,11,1,0.5010477908318279,1,1
23/09449__2024-09-12,7,1,0.5491906702158749,1,1
22/01808__2024-01-15,0,0,0.6306548148425511,1,1
19/09846__2024-09-12,5,1,0.52203347248298,1,1
23/02368__2024-01-22,13,1,0.5806398651524863,1,1
23/02272__2025-02-14,23,1,0.40776543695474005,0,0
22/07729__2025-02-20,23,0,0.43731873626616163,0,0
22/00810__2024-03-19,4,0,0.405193558253104,0,0
21/05648__2024-09-27,36,0,0.39940692076652684,0,0
24/01366__2025-02-03,17,0,0.35025637600318676,0,0
24/01748__2025-02-03,14,0,0.35021190695016996,0,0
23/01185__2025-03-25,19,1,0.426378432971981,0,0
24/82001__2025-01-16,22,0,0.5420663554266241,1,1
24/03878__2025-02-07,15,1,0.44850388331000646,0,0
24/01267__2025-01-14,4,0,0.38771937108780846,0,0
21/05248__2024-06-04,7,1,0.3971387091162001,0,0
24/02979__2024-04-23,11,0,0.44595458957392686,0,0
25/00506__2025-04-04,9,0,0.42438212768848677,0,0
25/00617__2025-01-28,5,0,0.3176947541973526,0,0
24/06196__2024-12-23,57,0,0.34545762956131526,0,0
24/01917__2024-10-29,3,0,0.23697810268351951,0,0
24/01969__2024-08-08,3,0,0.22671765226291155,0,0
23/04497__2025-02-06,26,0,0.2639022110223689,0,0
25/00267__2025-02-14,4,0,0.22916434931944218,0,0
24/02070__2024-11-22,4,0,0.2577524251526238,0,0
23/00673__2024-12-12,36,0,0.2560014515623084,0,0
24/06407__2024-08-09,1,0,0.22749154487699152,0,0
23/07593__2025-01-07,0,0,0.4247375186592189,0,0
23/00652__2024-03-15,41,0,0.3914376888412376,0,0
25/00030__2025-01-17,8,1,0.26784803828500225,0,0
24/00914__2024-11-21,10,0,0.3024245872971504,0,0
24/01437__2024-10-16,9,0,0.29974334736372743,0,0
24/00905__2024-11-22,14,0,0.25104027565042214,0,0
24/05942__2024-12-11,15,0,0.28540647561102245,0,0
24/00747__2024-03-07,0,0,0.27992684715360916,0,0
24/00674__2024-11-13,5,1,0.44371960007035577,0,0
24/03905__2025-02-26,14,0,0.35375904709476785,0,0
21/04381__2024-02-29,23,0,0.3060465739748912,0,0
24/01576__2024-06-28,2,0,0.4178114371955627,0,0
23/00842__2024-05-24,25,0,0.29760350734521285,0,0
24/03851__2024-11-22,16,0,0.30283021572966967,0,0
20/06263__2024-10-24,103,1,0.3577132951834593,0,0
21/01110__2025-05-27,19,0,0.3826662708617039,0,0
23/00159__2024-06-24,2,0,0.3416057779058702,0,0
23/01043__2024-06-27,8,0,0.3172214850436046,0,0
22/00231__2024-06-04,0,0,0.4141756125207411,0,0
25/00221__2025-02-11,10,0,0.30516398194994215,0,0
25/00342__2025-02-14,12,0,0.4007436904922838,0,0
21/06817__2024-05-24,27,1,0.3767963931522782,0,0
24/01453__2025-03-14,10,0,0.40995823909442886,0,0
21/02143__2025-04-29,84,0,0.42678827441724887,0,0
24/07289__2025-03-19,10,1,0.48041151079021177,0,1
22/09312__2024-06-11,13,0,0.4619541157615359,0,0
23/00538__2024-01-02,1,1,0.33053409627228514,0,0
22/02217__2024-05-21,42,0,0.34146299274663566,0,0
21/05368__2025-04-10,3,0,0.42942901171688924,0,0
21/06041__2024-02-22,7,1,0.34362700458079165,0,0
24/00190__2024-09-02,5,0,0.41769978726832896,0,0
23/00357__2024-01-15,6,0,0.4368348732845915,0,0
24/03328__2025-03-21,5,0,0.44191802604646924,0,0
24/01457__2025-01-21,17,0,0.38310313512438904,0,0
24/01143__2025-01-06,10,0,0.396702727275472,0,0
24/01457__2025-01-21,17,0,0.3797659991463281,0,0
20/08935__2024-11-21,13,1,0.37518640124152086,0,0
22/05990__2024-11-14,4,1,0.348020608529178,0,0
24/03328__2025-03-21,5,0,0.5403727294358666,1,1
24/00338__2025-03-14,15,0,0.5630790127214664,1,1
24/00979__2024-05-22,12,1,0.40307296069322834,0,0
23/01651__2025-03-21,16,1,0.417189134488559,0,0
24/01170__2025-02-04,19,0,0.5438245294876699,1,1
24/01323__2024-08-20,6,1,0.415566230976306,0,0
19/02387__2024-04-10,7,1,0.4234032219105372,0,0
23/03330__2024-02-09,8,1,0.3451914053046088,0,0
23/08732__2024-09-27,3,1,0.3409112088360801,0,0
24/01323__2024-08-20,6,0,0.5287642001858595,1,1
23/03330__2024-02-09,8,0,0.387552516022578,0,0
21/01154__2024-01-11,10,1,0.3967697918874251,0,0
24/51962__2024-06-13,8,0,0.2639927566967178,0,0
22/00993__2024-03-26,34,0,0.2799972555377817,0,0
23/09064__2024-05-30,18,0,0.32744583582404335,0,0
23/02047__2025-03-18,13,0,0.3044858241612843,0,0
21/01154__2024-01-11,10,0,0.3964061134957599,0,0
24/00696__2024-10-24,0,1,0.44622018225490145,0,0
24/06295__2025-02-13,3,1,0.4086686561398495,0,0
18/06267__2024-03-26,1,0,0.4395165772087824,0,0
21/03427__2024-01-17,12,0,0.438400500078158,0,0
23/09064__2024-05-30,10,1,0.3515798784990328,0,0
23/05061__2024-01-16,20,0,0.5385535141182065,1,1
23/05061__2024-01-16,22,0,0.5297995956445867,1,1
22/01155__2024-09-13,4,1,0.39461677579465027,0,0
22/10286__2024-03-06,3,1,0.37257189861335277,0,0
23/01248__2024-01-25,11,0,0.3636548218394048,0,0
23/05182__2024-05-02,44,1,0.4819868324566726,0,1
18/01103__2024-08-28,37,1,0.3482892427668821,0,0
23/04024__2024-06-13,11,0,0.4823143740517963,0,1
23/03090__2024-11-04,21,0,0.4387742198498621,0,0
22/03751__2024-09-12,20,0,0.37547972352769027,0,0
22/00099__2024-03-29,49,0,0.37306218461544255,0,0
23/10029__2024-12-16,2,1,0.3858705949944571,0,0
23/10029__2024-12-16,2,1,0.3870248296643788,0,0
23/10029__2024-12-16,2,0,0.37330502860230574,0,0
23/10029__2024-12-16,2,0,0.3696113217795001,0,0
